osmid,lon,lat,street_count,is_major
275392927,31.0452609,-17.8061891,4,1
275393242,31.0420176,-17.8069591,3,0
275393355,31.0367866,-17.8078935,3,0
275393391,31.0396797,-17.8059227,4,1
275393421,31.0364967,-17.8064852,3,0
275393432,31.0448953,-17.8047722,4,1
275393554,31.0421383,-17.8054805,4,1
275393601,31.0357673,-17.807321,1,0
275393672,31.0373089,-17.8070191,1,0
275393756,31.0366326,-17.8071572,4,1
275393969,31.0367888,-17.8027456,3,0
275394026,31.0389414,-17.8052345,4,1
275394031,31.0401409,-17.8072936,4,1
275395690,31.0434704,-17.8066415,3,0
275395694,31.04599,-17.8164101,4,1
275395789,31.0501558,-17.8187112,4,1
275395808,31.0492463,-17.8156322,3,0
275395842,31.0399799,-17.8178247,4,1
275395882,31.0445496,-17.8034119,4,1
275395899,31.0422322,-17.8039712,3,0
275395911,31.0519318,-17.8182633,4,1
275395925,31.0517767,-17.8182974,4,1
275396087,31.0423502,-17.8024159,4,1
275408449,31.0647697,-17.8265784,3,0
275592477,31.0361718,-17.8055379,3,0
275592520,31.0392312,-17.8050172,3,0
275592825,31.0390665,-17.8040852,4,1
275592922,31.0353617,-17.8030409,4,1
275594390,31.0258737,-17.8087683,3,0
275594433,31.0261496,-17.8047809,3,0
275594613,31.0255127,-17.8109326,3,0
275594717,31.0264317,-17.8100211,3,0
275595874,31.0373499,-17.8184341,4,1
275597512,31.03721,-17.8179232,3,0
275599021,31.0381492,-17.8215352,3,0
275603431,31.0260012,-17.8288736,4,1
275604131,31.0641066,-17.8242355,4,1
277313352,31.0520254,-17.8120214,3,0
277313366,31.0519917,-17.810598,3,0
277313968,31.0596651,-17.8056547,3,0
277314394,31.0507034,-17.821236,4,1
277314417,31.0403994,-17.8195331,4,1
277314419,31.0377843,-17.8201085,3,0
277314449,31.037777,-17.809517,3,0
277314458,31.0427847,-17.818956,4,1
277314482,31.0497504,-17.8173192,4,1
277314667,31.0755466,-17.8023225,3,0
277314670,31.0762234,-17.8032863,3,0
277314693,31.0736939,-17.8091422,3,0
277314699,31.0655018,-17.8173582,3,0
277314702,31.0621543,-17.8228427,3,0
277314704,31.0619885,-17.8236189,4,1
277314727,31.0615535,-17.8237183,3,0
277314728,31.0622277,-17.8235609,3,0
277314730,31.0601845,-17.8240209,4,1
277314769,31.0498282,-17.8173019,4,1
277314770,31.0514222,-17.8168882,4,1
277314772,31.0515828,-17.8168518,4,1
277314773,31.0482198,-17.8176727,4,1
277314796,31.0492371,-17.8216123,4,1
277314817,31.0518205,-17.8256786,1,0
277314820,31.0726714,-17.8112853,3,0
277314826,31.0501032,-17.8187389,4,1
277314827,31.0485897,-17.8190886,4,1
277314828,31.0467913,-17.8195114,4,1
277314829,31.0431297,-17.8203759,4,1
277314830,31.0407301,-17.8209399,4,1
277314831,31.0394566,-17.8212468,4,1
277314840,31.0638535,-17.8180967,3,0
277314844,31.0589584,-17.8192675,4,1
277314845,31.0526353,-17.8208087,4,1
277314847,31.0508084,-17.8212126,4,1
277314933,31.0638116,-17.8231961,4,1
277315007,31.0274501,-17.8024731,4,1
277315023,31.0262862,-17.8023888,4,1
277315158,31.0756771,-17.8110077,4,1
277315160,31.0760864,-17.8089662,1,0
277315173,31.0647668,-17.8185627,3,0
277315174,31.039078,-17.8198168,4,1
277315176,31.0401082,-17.8237609,4,1
277315210,31.0327219,-17.8028646,4,1
277315314,31.0407642,-17.8338325,3,0
277315333,31.0387635,-17.833784,4,1
277315334,31.038419,-17.8344041,3,0
277315346,31.0408614,-17.8332604,3,0
277315365,31.0315904,-17.8313678,4,1
277315369,31.0314061,-17.8313845,3,0
277315385,31.0330165,-17.829449,4,1
277315410,31.0259768,-17.8290578,3,0
277315631,31.0260682,-17.8059392,3,0
277315660,31.0291999,-17.813003,3,0
277315668,31.0301207,-17.8165351,3,0
277315670,31.0308691,-17.8194427,3,0
277315686,31.0330727,-17.8286312,4,1
277315703,31.0400658,-17.8335475,3,0
277315706,31.0540626,-17.8204349,4,1
277315712,31.0510687,-17.8154531,3,0
277315723,31.0510208,-17.8152379,4,1
277315727,31.0471206,-17.8209214,4,1
277315728,31.0434907,-17.8217526,4,1
277315729,31.0411014,-17.8223391,4,1
277315730,31.0398125,-17.8226264,4,1
277315732,31.0385151,-17.8229221,3,0
277316546,31.0759766,-17.8026543,3,0
277316586,31.0753401,-17.8034451,3,0
277317133,31.0259268,-17.8023727,3,0
277317134,31.037016,-17.8047731,3,0
277317135,31.0369004,-17.8041699,1,0
277317206,31.0309965,-17.8199471,4,1
277317211,31.038844,-17.8136514,4,1
277317212,31.0408798,-17.8132148,1,0
277317215,31.0423428,-17.8172754,4,1
277317249,31.0362107,-17.8142859,4,1
277317250,31.0299115,-17.8157767,3,0
277317251,31.0489408,-17.8204596,4,1
277317252,31.0504023,-17.8201003,4,1
277317253,31.0505057,-17.8200725,4,1
277317254,31.0521406,-17.8196966,4,1
277317259,31.052314,-17.8196582,4,1
277317260,31.0537604,-17.8193233,4,1
277991344,31.0346947,-17.8082783,3,0
277991345,31.0341456,-17.8068234,4,1
277991364,31.0380882,-17.8043175,3,0
277991489,31.0407389,-17.8104633,2,0
277991579,31.0295325,-17.8026308,4,1
277991614,31.0292656,-17.8061626,3,0
277991891,31.0266322,-17.804824,1,0
277991963,31.0294159,-17.8043737,3,0
277991967,31.0285436,-17.8044958,1,0
277991968,31.0275098,-17.8060381,3,0
277991970,31.0275209,-17.8058029,1,0
277992023,31.0547434,-17.8098364,4,1
277992138,31.0373798,-17.8368835,3,0
277992272,31.036399,-17.8426254,4,1
277992288,31.051776,-17.8529381,3,0
277992306,31.0411365,-17.8499086,3,0
277992349,31.0625066,-17.8488804,3,0
277992389,31.0540384,-17.8525215,3,0
277993682,31.0579429,-17.8153443,4,1
277993769,31.0530138,-17.8164829,4,1
277994795,31.0573312,-17.8196623,4,1
277994813,31.056285,-17.8157257,4,1
277994824,31.0474318,-17.8220347,3,0
277994827,31.0501115,-17.8251145,4,1
277994840,31.0516681,-17.8245506,4,1
277994851,31.0535077,-17.8241454,4,1
277994857,31.0549195,-17.8238584,4,1
277994869,31.0582314,-17.8230906,4,1
277994892,31.050439,-17.8263567,4,1
277994989,31.0399988,-17.8288474,4,1
277995048,31.035554,-17.8115338,4,1
277995099,31.038135,-17.8109012,4,1
277995111,31.0402685,-17.8104234,1,0
277995135,31.0323267,-17.8122805,4,1
277995147,31.0330631,-17.8150302,4,1
277995163,31.034024,-17.8186843,3,0
277995176,31.0352051,-17.8101781,4,1
277995187,31.0399338,-17.8090529,1,0
277995194,31.0386396,-17.8181377,3,0
277995203,31.0464312,-17.818102,4,1
277995216,31.0533874,-17.8179256,4,1
277995230,31.05159,-17.8247521,4,1
277995242,31.0517103,-17.8247119,4,1
277995679,31.0515458,-17.8245885,4,1
277995752,31.0324941,-17.8255864,4,1
277995854,31.0320889,-17.829548,3,0
277995855,31.0322954,-17.8293818,3,0
277995865,31.0337536,-17.8295063,3,0
277995944,31.0388031,-17.8240871,4,1
277995945,31.0399813,-17.8286995,4,1
277995947,31.0330032,-17.8296337,4,1
277995951,31.0338739,-17.8296974,3,0
277995991,31.0533406,-17.8241755,4,1
279201496,31.0422698,-17.8035294,3,0
279201525,31.0407469,-17.8033827,1,0
279201578,31.0326955,-17.8035219,3,0
279201596,31.031128,-17.8027452,4,1
279201601,31.0308978,-17.8062979,3,0
279201697,31.0332495,-17.8081248,1,0
279205471,31.0549967,-17.8175387,4,1
279205519,31.055368,-17.8189204,4,1
279205553,31.0546428,-17.8161039,4,1
279205554,31.0542168,-17.8144553,3,0
279210297,31.0295567,-17.8143776,3,0
279210336,31.0395945,-17.8164637,3,0
279210371,31.0315898,-17.8153813,3,0
279210413,31.040529,-17.8118213,1,0
279210689,31.0412186,-17.8145939,1,0
279210857,31.0391837,-17.8150302,3,0
279211579,31.0415775,-17.8159959,1,0
279211606,31.0262227,-17.8140089,1,0
279211626,31.0326864,-17.8136752,4,1
279211632,31.0358335,-17.8128884,4,1
279211924,31.0384853,-17.8122615,4,1
279217069,31.0330028,-17.8045259,3,0
279217685,31.0766522,-17.8023339,3,0
279218879,31.02977,-17.815261,3,0
279219175,31.0326284,-17.804673,3,0
279219256,31.0320299,-17.8309143,3,0
279219288,31.0240813,-17.8148089,3,0
279219295,31.0259728,-17.8166945,3,0
279219303,31.0263483,-17.8154049,3,0
279220760,31.025991,-17.8284618,3,0
279220767,31.0327803,-17.8267974,3,0
279220773,31.0269744,-17.8281644,4,1
279220805,31.0446202,-17.8185293,4,1
279220806,31.0441975,-17.8168461,3,0
279220807,31.0452955,-17.8213251,3,0
279220808,31.0449692,-17.819945,4,1
279529190,31.0298945,-17.8062059,3,0
279529208,31.0297492,-17.8083268,3,0
279529739,31.0310115,-17.8083579,3,0
279539606,31.0265167,-17.8088321,1,0
279539607,31.0271437,-17.8088533,3,0
279539697,31.0281356,-17.8083,3,0
279539827,31.0281907,-17.8073582,1,0
281579577,31.0274193,-17.8035339,1,0
281585567,31.0760657,-17.8087296,3,0
281586442,31.0532763,-17.8343053,3,0
281586487,31.0525518,-17.834464,3,0
281587338,31.0555393,-17.8326469,3,0
281590075,31.0619599,-17.8231115,3,0
281590333,31.0553588,-17.8320552,4,1
281590548,31.0566737,-17.8171475,3,0
281590557,31.0570234,-17.8185682,3,0
281593863,31.0357624,-17.8164947,3,0
281595556,31.0268935,-17.8184082,3,0
281595807,31.0272929,-17.8170474,3,0
281595960,31.0320829,-17.8173571,3,0
281611597,31.0345397,-17.8167493,3,0
281612116,31.0264088,-17.8200501,3,0
281612424,31.026489,-17.8197031,3,0
281612917,31.0267793,-17.8271283,3,0
281614238,31.0439435,-17.8084083,3,0
281614283,31.046857,-17.8142946,1,0
281614332,31.0442907,-17.8097895,3,0
281614334,31.0455186,-17.8146213,3,0
281614335,31.0451535,-17.8081525,1,0
281614337,31.0460869,-17.8093512,3,0
281614377,31.0451263,-17.8129921,3,0
281614421,31.0763485,-17.8086026,3,0
281614431,31.0761567,-17.8087979,3,0
281614571,31.076243,-17.8085107,3,0
281615241,31.0242865,-17.8194917,3,0
281615281,31.0413533,-17.8406242,4,1
281615336,31.0451945,-17.8300514,4,1
281615444,31.045051,-17.8274577,4,1
281615470,31.039919,-17.8310254,4,1
281615477,31.0417895,-17.8305366,3,0
281615501,31.0410179,-17.8322104,4,1
281615516,31.0417225,-17.8322538,4,1
281615517,31.0425754,-17.8322818,4,1
281615526,31.0426385,-17.8305905,4,1
281615527,31.0426207,-17.8312537,4,1
281615532,31.0423981,-17.8363082,4,1
281615533,31.0424769,-17.8342591,4,1
281615547,31.044265,-17.8338438,4,1
281615553,31.0441547,-17.8363809,4,1
281615557,31.0415183,-17.8367072,3,0
281615587,31.0418031,-17.8363097,3,0
281615610,31.0416582,-17.8402665,3,0
281615612,31.0413484,-17.8402346,3,0
281615661,31.0472856,-17.8359104,4,1
281615728,31.0256628,-17.8202383,3,0
281615746,31.0244122,-17.8199157,3,0
281615749,31.0257743,-17.8198834,3,0
281616258,31.0435787,-17.8070778,3,0
281616259,31.0444505,-17.8068765,1,0
281616520,31.0389478,-17.847178,3,0
281616528,31.0614962,-17.8210509,3,0
281616549,31.0449065,-17.8268753,4,1
281616589,31.043779,-17.8228899,4,1
281616596,31.0423111,-17.8395646,5,1
281616913,31.0542787,-17.827864,4,1
281616947,31.044102,-17.8378623,6,1
281616971,31.0450268,-17.8370247,4,1
281617011,31.0532747,-17.8307051,3,0
281617014,31.0531026,-17.8299667,4,1
281617019,31.0415955,-17.8344655,4,1
281617024,31.0546538,-17.8226613,3,0
281617026,31.0598443,-17.8227142,4,1
281617037,31.0509866,-17.8223564,3,0
281617042,31.047614,-17.8262535,4,1
281617048,31.0558834,-17.8275016,4,1
281617057,31.0612057,-17.8199256,3,0
281617059,31.0609274,-17.8187972,4,1
281617062,31.0579086,-17.8218976,4,1
281617064,31.0512603,-17.8234755,4,1
281617143,31.0484908,-17.8217811,3,0
281617626,31.0513768,-17.8234524,4,1
281617654,31.0600646,-17.8264754,4,1
281617656,31.0576182,-17.8207797,4,1
281617658,31.0595541,-17.8215207,4,1
281617663,31.0497961,-17.8238229,4,1
281617665,31.0490386,-17.8239946,3,0
281617667,31.0492824,-17.8251293,4,1
281617669,31.0592533,-17.8203772,4,1
281617693,31.0618524,-17.8236553,4,1
281617711,31.0606391,-17.8264137,3,0
281617749,31.051011,-17.8286029,4,1
281617801,31.0610327,-17.8265085,4,1
281617907,31.0630341,-17.8214023,3,0
281617927,31.0526509,-17.8282445,4,1
281617929,31.0413183,-17.8405139,3,0
281618031,31.0528881,-17.8290792,3,0
281618074,31.056095,-17.8283199,4,1
281618118,31.0555774,-17.8263153,4,1
281618140,31.0574935,-17.8271112,4,1
281618145,31.0383053,-17.8468679,3,0
281618646,31.0369878,-17.8455159,3,0
281618674,31.0372566,-17.8473003,3,0
281618821,31.0360037,-17.8459982,3,0
281618829,31.0406606,-17.8362753,3,0
281618851,31.0413205,-17.8414856,3,0
281618871,31.0421718,-17.841518,3,0
281618897,31.0404586,-17.8410568,3,0
281619034,31.0430396,-17.8415317,3,0
281619036,31.0405301,-17.8394959,3,0
281619039,31.0414189,-17.8395179,4,1
281619095,31.0431943,-17.8387576,4,1
281619232,31.0409045,-17.8495294,4,1
281619276,31.0400801,-17.8485513,3,0
281619450,31.0423332,-17.837781,4,1
281619625,31.0398896,-17.8414443,3,0
281619675,31.0398667,-17.8392688,3,0
281619746,31.0432306,-17.8378185,4,1
281619978,31.0394329,-17.8434844,4,1
281620066,31.0338027,-17.8517529,4,1
281620156,31.0406061,-17.8414544,3,0
281622054,31.0389153,-17.8442124,3,0
281622241,31.0392418,-17.8456181,3,0
281622685,31.0382186,-17.8444709,3,0
281622730,31.0372782,-17.8440517,3,0
281622854,31.0446998,-17.8113195,3,0
281623134,31.0704812,-17.847001,3,0
281623499,31.0745754,-17.8448126,4,1
281623891,31.0666542,-17.8221238,4,1
281623969,31.063805,-17.8230645,3,0
281624778,31.0436073,-17.8442146,3,0
281624852,31.043453,-17.8312896,4,1
281624853,31.0443726,-17.8313311,3,0
281624854,31.0443359,-17.8323548,3,0
281624855,31.0444664,-17.8302451,3,0
281624858,31.0443291,-17.8302838,3,0
281624859,31.0432812,-17.8305787,4,1
281624887,31.0441593,-17.8290553,4,1
281624888,31.0437382,-17.8279188,3,0
281624889,31.0440131,-17.8290941,4,1
281624890,31.0477538,-17.8264897,3,0
281624892,31.0492353,-17.8253366,4,1
281624923,31.0585543,-17.8244206,4,1
281624932,31.0591321,-17.8266968,3,0
281624933,31.0577232,-17.827938,3,0
281624937,31.0567654,-17.8308473,4,1
281624948,31.0599343,-17.8274109,3,0
281624949,31.0512257,-17.8294481,3,0
281624950,31.0665627,-17.8219709,3,0
281624981,31.0693148,-17.8195723,3,0
281624986,31.0688746,-17.8208193,1,0
281624997,31.0697283,-17.8204033,3,0
281625003,31.0707392,-17.8156327,3,0
281625021,31.0692878,-17.8136595,3,0
281625022,31.0694873,-17.8138306,3,0
281625029,31.0708581,-17.8203872,3,0
281625030,31.0708192,-17.8202685,4,1
281625037,31.0707334,-17.8199072,3,0
281625043,31.0704259,-17.8178327,3,0
281625076,31.0688266,-17.8172978,3,0
281625084,31.069225,-17.8170463,3,0
281625087,31.0680004,-17.8168254,3,0
281625092,31.0666356,-17.8198643,1,0
281625093,31.0665781,-17.8185227,4,1
281625098,31.0672906,-17.8193288,4,1
281625105,31.0679674,-17.8200816,3,0
281625117,31.0654022,-17.8225296,3,0
281625124,31.0691753,-17.8181481,3,0
281625129,31.0637146,-17.8206206,4,1
281625130,31.0678837,-17.8152083,3,0
281625193,31.0655286,-17.8207497,3,0
281625194,31.0639111,-17.8220419,1,0
281625195,31.0647452,-17.8214631,4,1
281625203,31.0635933,-17.8204996,3,0
281625257,31.0658723,-17.8177452,3,0
281625298,31.0747347,-17.8209441,3,0
281625304,31.0728203,-17.8205987,4,1
281625305,31.0717003,-17.8203936,3,0
281625389,31.0789731,-17.8215631,4,1
281625410,31.0747648,-17.8207982,4,1
281625430,31.0717271,-17.8202736,4,1
281626328,31.0685263,-17.8159225,3,0
281626437,31.0695848,-17.8156592,3,0
281627056,31.0612836,-17.8299502,4,1
281627081,31.0734403,-17.8308325,3,0
281627158,31.0724756,-17.8306544,3,0
281627223,31.0703509,-17.830265,6,1
281627407,31.0761112,-17.8313119,3,0
281627576,31.0661401,-17.8300027,3,0
281627642,31.063848,-17.830004,3,0
281627648,31.06874,-17.8299837,3,0
281627789,31.0801884,-17.8320254,3,0
281628935,31.0502145,-17.8434714,3,0
281628941,31.051003,-17.8451406,3,0
281628946,31.0506167,-17.8443324,3,0
281629135,31.0536004,-17.8526321,4,1
281629157,31.0527865,-17.8499517,3,0
281629161,31.0520115,-17.8477371,3,0
281629162,31.0533406,-17.8515017,3,0
281629173,31.0518479,-17.8472061,3,0
281629174,31.0516843,-17.846721,3,0
281629290,31.054628,-17.8552113,3,0
281630131,31.068938,-17.8373626,4,1
281630153,31.0697908,-17.8340532,3,0
281630156,31.0700715,-17.8330525,3,0
281630161,31.0702014,-17.8317101,3,0
281630171,31.0755549,-17.8454267,4,1
281630328,31.0695713,-17.8418641,3,0
281630333,31.0683484,-17.8400292,3,0
281630382,31.0803214,-17.8487818,4,1
281630388,31.0777607,-17.8468756,3,0
281636572,31.0472549,-17.8283339,4,1
281636699,31.0476176,-17.8270462,4,1
281636731,31.0478378,-17.8262021,4,1
281636982,31.0468413,-17.836126,4,1
281637027,31.0467126,-17.8356165,3,0
281637055,31.0467108,-17.8341183,4,1
281637134,31.0468859,-17.8314173,4,1
281637454,31.046945,-17.8295827,4,1
281637668,31.0467199,-17.8296359,4,1
281637691,31.0465109,-17.8355519,3,0
281637845,31.0466147,-17.8360524,4,1
281637909,31.0470286,-17.8283917,4,1
281637977,31.0466799,-17.8314224,4,1
281638403,31.0590295,-17.8300354,3,0
281638443,31.0597991,-17.8299532,3,0
281638584,31.0519235,-17.8320198,4,1
281638695,31.0551571,-17.8312623,4,1
281638821,31.0488304,-17.8327418,4,1
281638884,31.048654,-17.8319357,4,1
281638937,31.0487984,-17.8353783,3,0
281639063,31.0495198,-17.8351824,3,0
281639216,31.048211,-17.832891,4,1
281639261,31.0490732,-17.8335871,4,1
281639341,31.0484082,-17.8337414,4,1
281639396,31.0521268,-17.8328411,4,1
281639602,31.0611508,-17.8281908,4,1
281639619,31.061001,-17.8282302,3,0
281639852,31.0622892,-17.8289077,3,0
281639891,31.0628291,-17.8296724,3,0
281640115,31.0601614,-17.829932,3,0
281640207,31.0628744,-17.8300169,3,0
281640501,31.0413302,-17.8285123,3,0
281640594,31.0416465,-17.8296385,4,1
281640661,31.0427021,-17.8294167,3,0
281640752,31.0477087,-17.8282325,3,0
281641897,31.0480138,-17.8320947,4,1
281642162,31.0475124,-17.8303498,3,0
281642171,31.0472906,-17.8295224,3,0
281642192,31.0479996,-17.8293492,4,1
281642237,31.0488141,-17.8267703,4,1
281642260,31.0482158,-17.8301786,4,1
281642428,31.0491101,-17.8278649,3,0
281642453,31.0512927,-17.8347616,3,0
281642490,31.0508676,-17.8331342,4,1
281642607,31.0506526,-17.8323151,3,0
281642842,31.0576255,-17.8314366,3,0
281642879,31.0595615,-17.8315497,1,0
281642912,31.0638246,-17.8308014,3,0
281643047,31.0602452,-17.8308618,3,0
281643170,31.061807,-17.8315305,1,0
281643286,31.066147,-17.8296907,4,1
281643318,31.0638753,-17.8296646,3,0
281643407,31.064985,-17.8296727,3,0
281643527,31.0473876,-17.8271005,4,1
281643635,31.0473047,-17.8273763,3,0
281643636,31.0471327,-17.8271582,3,0
281643649,31.0475053,-17.826679,3,0
281643666,31.0529515,-17.8300044,4,1
281643668,31.0525206,-17.828274,4,1
281643669,31.0535265,-17.8316446,3,0
281643670,31.0533857,-17.8316792,3,0
281643671,31.0465625,-17.8332969,4,1
281793557,31.0247001,-17.8131481,3,0
281793573,31.0242196,-17.8144479,3,0
281809596,31.0608929,-17.8269547,3,0
281809745,31.0610805,-17.8291459,3,0
281810234,31.0614749,-17.8253131,3,0
281810776,31.0600717,-17.8301254,4,1
281810923,31.0592125,-17.8304705,3,0
281816413,31.027358,-17.8060294,3,0
281816444,31.0311698,-17.8063193,3,0
282034656,31.0324494,-17.8063865,3,0
282034740,31.0336117,-17.8057728,3,0
282034762,31.0333711,-17.8052742,3,0
282034765,31.032606,-17.8062729,3,0
282037577,31.0265111,-17.837197,3,0
282037578,31.027476,-17.8373725,3,0
282037591,31.02954,-17.8379405,3,0
282037805,31.0361694,-17.8402095,3,0
282037806,31.0364532,-17.8403179,4,1
282041001,31.0503544,-17.8532046,3,0
282041080,31.0362991,-17.8065123,1,0
282073471,31.0388509,-17.8445777,3,0
282546178,31.0554905,-17.8320268,4,1
282546190,31.0553125,-17.8312163,4,1
282772455,31.0513509,-17.8151576,3,0
282774240,31.0439248,-17.8235186,3,0
282774295,31.0447454,-17.8269123,4,1
282774299,31.0449043,-17.827493,4,1
282774641,31.0534032,-17.830791,3,0
282774700,31.0528324,-17.8326646,4,1
282775184,31.0510774,-17.8339685,4,1
282775208,31.053062,-17.8334986,3,0
282775342,31.04153,-17.8362942,4,1
282779540,31.0587185,-17.8181331,3,0
282779551,31.0606278,-17.8176837,4,1
282779562,31.0618128,-17.817413,3,0
282779572,31.0668004,-17.8154955,3,0
282779573,31.0669514,-17.8156827,3,0
282779578,31.0666286,-17.8140094,3,0
282779580,31.0652281,-17.8112772,4,1
282779587,31.0624162,-17.8069405,3,0
282779716,31.0600654,-17.80523,4,1
282779731,31.0599848,-17.8051734,3,0
282779740,31.0602431,-17.816293,4,1
282779741,31.0598648,-17.8148622,4,1
282779744,31.0583439,-17.8167398,3,0
282779746,31.0594168,-17.8131558,3,0
282779755,31.0611246,-17.814593,3,0
282779756,31.0614432,-17.8159932,3,0
282779759,31.0574973,-17.8136253,3,0
282779837,31.0505156,-17.8153188,3,0
282779844,31.0526463,-17.8149409,3,0
282779847,31.0518197,-17.8149996,3,0
282779858,31.0511437,-17.8152111,4,1
282779859,31.0510026,-17.8151528,3,0
282779861,31.0508084,-17.8152687,3,0
282779878,31.0512101,-17.8154351,3,0
282779897,31.0618622,-17.8235091,4,1
282779898,31.0585296,-17.8243067,4,1
282779899,31.0622536,-17.8234182,3,0
282779900,31.0613513,-17.8236411,3,0
282779938,31.0588316,-17.8255618,4,1
282779954,31.0426214,-17.8280553,3,0
282779962,31.0412915,-17.8283743,3,0
282779969,31.0450859,-17.8275991,4,1
282779982,31.0450514,-17.8288465,3,0
282779996,31.0539699,-17.8267036,4,1
282780011,31.053831,-17.8254065,4,1
282780012,31.0533722,-17.8243041,4,1
282780013,31.0531961,-17.8230223,3,0
282780014,31.0530063,-17.8230695,4,1
282780016,31.0543686,-17.8215303,4,1
282780024,31.0524659,-17.8208513,4,1
282780026,31.0546586,-17.8286702,4,1
282780028,31.0544888,-17.8287086,4,1
282780029,31.0544521,-17.8278217,4,1
282780031,31.0541233,-17.8266696,4,1
282780032,31.0538719,-17.8255484,4,1
282780033,31.0537055,-17.8255885,4,1
282780036,31.0536685,-17.8254435,4,1
282780037,31.0480582,-17.8267893,3,0
282780038,31.0474384,-17.8269284,4,1
282780041,31.0476655,-17.8268804,4,1
282780042,31.0487719,-17.8266108,3,0
282780043,31.0471379,-17.8269958,3,0
282780081,31.0549293,-17.8304408,4,1
282780084,31.0548943,-17.8295677,3,0
282780085,31.0547183,-17.8296095,4,1
282780104,31.050395,-17.8262168,4,1
282780107,31.0507525,-17.8274975,4,1
282780110,31.0467418,-17.8332514,4,1
282780112,31.0517009,-17.8312117,3,0
282780133,31.049315,-17.8343859,3,0
282780136,31.0436663,-17.8271808,3,0
282780137,31.0477986,-17.8312329,4,1
282780140,31.0484532,-17.8310893,5,1
282780148,31.0523462,-17.8336681,4,1
282780156,31.0482869,-17.8280846,2,0
282780172,31.0526179,-17.8318568,3,0
282780224,31.041134,-17.827811,3,0
282780236,31.0451486,-17.8336179,4,1
282780238,31.0452313,-17.8313785,4,1
282780239,31.0451917,-17.8323907,3,0
282780241,31.0399395,-17.8309003,4,1
282780261,31.0426571,-17.8281933,4,1
282780264,31.0429411,-17.8293701,4,1
282780315,31.0308436,-17.8324892,3,0
282780326,31.029322,-17.8354724,4,1
282780332,31.0282642,-17.8375473,4,1
282780362,31.025542,-17.8443788,4,1
282780363,31.0257237,-17.8450247,4,1
282780404,31.0360782,-17.8364965,3,0
282780417,31.0368848,-17.8365333,3,0
282780418,31.0374253,-17.8366763,4,1
282780457,31.0393197,-17.837191,3,0
282780460,31.0407108,-17.8351373,3,0
282780470,31.0400916,-17.8352078,3,0
282780478,31.0398166,-17.8362095,3,0
282780482,31.0395852,-17.8369022,3,0
282780499,31.0264173,-17.8448778,3,0
282780517,31.0249343,-17.8451997,3,0
282833188,31.0702803,-17.8298743,3,0
282833190,31.0414893,-17.8377573,4,1
282833201,31.040624,-17.8376933,3,0
282833204,31.0458533,-17.8379003,3,0
282833206,31.0449813,-17.8378818,4,1
282833211,31.0405414,-17.8392859,3,0
282836292,31.0450461,-17.8364184,4,1
282836295,31.0462264,-17.8361699,3,0
282836296,31.0468036,-17.8360049,4,1
282836297,31.0462815,-17.8361532,3,0
282836312,31.046473,-17.8362344,3,0
282836315,31.0470293,-17.836054,3,0
282873219,31.0415247,-17.8185844,1,0
282873220,31.0414142,-17.8234535,3,0
282873221,31.0417025,-17.8192247,3,0
282945129,31.0601705,-17.8239344,4,1
282945130,31.0571954,-17.8259423,4,1
282945140,31.0613441,-17.8230497,1,0
282945142,31.061993,-17.8234765,4,1
282945144,31.0620511,-17.8231612,3,0
282945173,31.0619692,-17.8238121,3,0
282945196,31.0619223,-17.8241009,4,1
282945240,31.0618159,-17.8240777,3,0
282950548,31.0434337,-17.8323303,3,0
283240822,31.0393479,-17.8434347,3,0
283352969,31.0260004,-17.8069636,3,0
283352973,31.0252985,-17.8069045,3,0
283352979,31.0245431,-17.8068554,3,0
283352983,31.0240365,-17.8068286,3,0
283353089,31.0253264,-17.8063761,1,0
283353093,31.0246772,-17.8047868,3,0
283353104,31.0247521,-17.8039839,3,0
283353217,31.024601,-17.8060108,3,0
283353230,31.0239762,-17.8075107,1,0
283353236,31.0246316,-17.8055824,3,0
283353242,31.0253665,-17.8056419,1,0
283353248,31.0255109,-17.8048237,1,0
283353254,31.0255382,-17.804034,1,0
283353260,31.0255313,-17.8030132,1,0
283425953,31.0657082,-17.8238545,1,0
283425974,31.0633413,-17.8244359,3,0
283426425,31.0644128,-17.8252249,3,0
283426698,31.0630995,-17.8281258,4,1
283427108,31.0638416,-17.8273977,4,1
283427583,31.0636255,-17.8261611,3,0
283428380,31.0615509,-17.8253452,4,1
283428853,31.0792583,-17.8282676,3,0
283430215,31.0745448,-17.8288673,3,0
283431720,31.073426,-17.831285,4,1
283432041,31.073435,-17.8318055,1,0
283432048,31.0713252,-17.8301085,3,0
283432129,31.0742115,-17.8306469,3,0
283432140,31.075144,-17.8308075,3,0
283432141,31.0766224,-17.8310722,3,0
283432158,31.0801771,-17.8319153,3,0
283432172,31.0597111,-17.8285955,1,0
283453338,31.0799601,-17.8309321,3,0
283453339,31.0753135,-17.8298662,1,0
283453344,31.076536,-17.8289517,3,0
283453345,31.076783,-17.8300211,3,0
283453350,31.0775475,-17.8299752,3,0
283453506,31.0743799,-17.8297042,3,0
283453881,31.0389788,-17.851047,3,0
283453888,31.044886,-17.8396238,4,1
283453895,31.0440156,-17.8396001,4,1
283453901,31.0431437,-17.83958,4,1
283453905,31.0435814,-17.8448494,2,0
283453911,31.0435112,-17.8456496,3,0
283453914,31.0433627,-17.8468238,3,0
283454138,31.0424012,-17.8512004,4,1
283454154,31.0423301,-17.8512579,3,0
283454168,31.0386305,-17.8530087,3,0
283454172,31.0387956,-17.8517447,3,0
283454180,31.0388225,-17.8515131,3,0
283454201,31.0393684,-17.8530932,3,0
283454202,31.0401688,-17.8531942,3,0
283454205,31.0409909,-17.8532944,3,0
283454208,31.0429629,-17.8534882,3,0
283454249,31.0433373,-17.8521553,4,1
283454250,31.0447502,-17.8472743,1,0
283454988,31.0396045,-17.8372859,2,0
284258538,31.0375832,-17.8360487,3,0
284368628,31.0328756,-17.8300268,3,0
284368728,31.0359573,-17.8307651,1,0
284675943,31.02582,-17.8457884,3,0
284676244,31.0250088,-17.8474522,3,0
284676413,31.0243257,-17.8488413,3,0
284676538,31.0247429,-17.8499184,4,1
284676605,31.0251294,-17.8508893,3,0
284676707,31.0259234,-17.8529288,4,1
284676799,31.0264258,-17.8539008,3,0
284677006,31.0277134,-17.8547415,4,1
284677207,31.0290743,-17.8555458,3,0
284724191,31.0343377,-17.8550876,4,1
285963379,31.0295239,-17.8276492,3,0
285963388,31.0298134,-17.8286881,3,0
285963418,31.0327909,-17.8280111,3,0
285963419,31.0330474,-17.827953,3,0
287984173,31.0484254,-17.8535135,3,0
287984274,31.043403,-17.8520889,3,0
287984277,31.0408415,-17.8495824,4,1
287984457,31.0365213,-17.8425946,3,0
287984517,31.0372977,-17.8442576,3,0
287986230,31.0417666,-17.8312208,4,1
287986260,31.0411219,-17.8311831,5,1
288180714,31.0787411,-17.8068032,3,0
288196921,31.0373608,-17.8457462,3,0
288266999,31.0457309,-17.8363287,3,0
288504700,31.0622565,-17.8272953,3,0
288504945,31.04693,-17.836628,3,0
288541094,31.0801211,-17.8317006,3,0
288543793,31.0638964,-17.8235224,3,0
288547596,31.0556866,-17.8200458,4,1
288548914,31.0458747,-17.8364186,3,0
288560668,31.0283148,-17.8267578,3,0
288560724,31.0277319,-17.8245758,3,0
288560743,31.0274072,-17.8233634,3,0
288560755,31.0271007,-17.8222095,3,0
288560770,31.0267708,-17.8209646,3,0
288560779,31.0269075,-17.8205676,3,0
288560783,31.027026,-17.8202231,3,0
288560883,31.0247873,-17.8214174,3,0
288560891,31.0255638,-17.8212481,3,0
288560937,31.0241463,-17.8229295,4,1
290068160,31.0568957,-17.8248018,4,1
290135383,31.0598354,-17.8434185,5,1
290135419,31.0652519,-17.8420112,3,0
290135426,31.0659485,-17.8393935,4,1
292413274,31.0239464,-17.8252529,4,1
292413501,31.0243132,-17.8241098,4,1
292413573,31.0253385,-17.8201578,3,0
292413601,31.0246027,-17.8207712,3,0
292413629,31.0238879,-17.8274339,3,0
292413858,31.0264084,-17.8272143,3,0
292847186,31.0325233,-17.8190399,3,0
292876203,31.0305617,-17.8261141,3,0
292876225,31.032242,-17.8258586,1,0
295393959,31.073945,-17.8104528,2,0
295393961,31.074201,-17.8105027,1,0
295393962,31.0740159,-17.810561,1,0
295394041,31.0734065,-17.813066,3,0
295394057,31.073315,-17.8139626,3,0
295394093,31.0723849,-17.8173111,3,0
295394103,31.071771,-17.8200845,3,0
302597953,31.0245337,-17.8135897,3,0
308502080,31.0367337,-17.8162986,3,0
308516476,31.0241012,-17.8287363,3,0
308516484,31.0240951,-17.8289068,4,1
308516485,31.0239598,-17.8305894,3,0
308938895,31.0307924,-17.8325998,3,0
308938921,31.0304379,-17.8317849,3,0
308938922,31.0310005,-17.8310697,3,0
308938942,31.0312464,-17.8304695,3,0
308939103,31.0292261,-17.8297874,3,0
308939136,31.0272235,-17.8297625,4,1
308939201,31.0238924,-17.8314532,3,0
308939225,31.0265291,-17.8315815,4,1
308939239,31.0272634,-17.8315788,3,0
308939255,31.0279387,-17.8315865,4,1
308939475,31.0286937,-17.8304847,4,1
308939494,31.0286767,-17.8297747,3,0
308939495,31.0272236,-17.8304987,4,1
308939503,31.0279393,-17.830525,3,0
308939504,31.0279302,-17.8311367,3,0
308939560,31.0265636,-17.8311317,4,1
308939569,31.0272214,-17.82913,4,1
308939570,31.0272387,-17.8311103,4,1
308939577,31.0289605,-17.8290978,3,0
308939625,31.0289752,-17.8292741,4,1
308939639,31.0292157,-17.830493,4,1
308939777,31.0302465,-17.8310625,3,0
308939779,31.0298644,-17.83048,4,1
308939798,31.0303775,-17.8297764,3,0
311379541,31.0255876,-17.836964,3,0
311749209,31.0339858,-17.8393844,3,0
311749321,31.0317742,-17.8418121,1,0
311749519,31.0301447,-17.8514702,3,0
311749531,31.0344371,-17.8504727,4,1
311749532,31.0345986,-17.8505773,3,0
311749536,31.0282317,-17.8521423,3,0
311749562,31.0312886,-17.8510502,3,0
312035442,31.0292984,-17.8483576,3,0
312112320,31.0307764,-17.8559881,3,0
312112323,31.0336415,-17.8516608,4,1
312234448,31.0487072,-17.8474837,4,1
312234501,31.048903,-17.8455258,3,0
312238094,31.0491563,-17.8439883,3,0
312238110,31.0489345,-17.8437878,3,0
312238219,31.0474174,-17.8472873,1,0
312238229,31.0498942,-17.8476835,3,0
312238248,31.0484184,-17.8518368,3,0
312238457,31.0507932,-17.8560557,3,0
312238497,31.0517708,-17.8552706,3,0
312238507,31.0496584,-17.8558803,3,0
312238552,31.0509964,-17.8541902,3,0
312238606,31.0522126,-17.8558502,3,0
312361110,31.0341582,-17.8548579,3,0
312361307,31.0427298,-17.8554406,3,0
312373838,31.0347124,-17.8554173,3,0
312374143,31.0384661,-17.8541494,3,0
312374151,31.039238,-17.8542171,3,0
312374159,31.0383687,-17.8549386,3,0
312374185,31.0407709,-17.8552195,4,1
312374330,31.0411556,-17.8552692,3,0
312374499,31.0399421,-17.8551276,3,0
312374502,31.0429252,-17.8539365,3,0
312374504,31.0421102,-17.8538367,3,0
312374520,31.0408984,-17.8540136,3,0
312374538,31.0427836,-17.8550642,3,0
312374584,31.0419429,-17.8549467,3,0
312374590,31.0383765,-17.8550499,4,1
312374624,31.0355398,-17.854736,1,0
312434725,31.0339523,-17.8555091,3,0
312434752,31.0348842,-17.8545289,3,0
312530342,31.0614338,-17.8369599,3,0
312530459,31.0529237,-17.8432447,3,0
312531198,31.0568256,-17.8447794,4,1
312531305,31.0576343,-17.8442447,3,0
312531443,31.0590751,-17.8436585,3,0
312531465,31.0601038,-17.8442151,3,0
312531571,31.0594994,-17.8470233,3,0
312531675,31.0538313,-17.8495383,3,0
312531698,31.0543985,-17.8488958,3,0
312531718,31.0548782,-17.8503911,3,0
312531743,31.0544467,-17.8500615,3,0
312531822,31.0556932,-17.8499587,3,0
312532154,31.0519297,-17.8466176,3,0
312532171,31.0508403,-17.8442278,3,0
312553516,31.052476,-17.8463282,3,0
312553517,31.0536632,-17.8455213,3,0
312553518,31.0541295,-17.8452266,3,0
312553531,31.0561857,-17.8439066,3,0
312553584,31.0559981,-17.8483389,3,0
312553586,31.0548721,-17.8474662,3,0
312553587,31.0548338,-17.8472049,3,0
312553590,31.0542112,-17.8463648,3,0
312553591,31.0535367,-17.8442968,3,0
312553594,31.0532212,-17.8438506,3,0
312553815,31.0540339,-17.8436006,1,0
312553835,31.0573634,-17.8456034,3,0
312553838,31.055607,-17.843033,3,0
312559301,31.0547373,-17.8431299,1,0
312559321,31.0549858,-17.8434326,3,0
312559367,31.0545731,-17.846165,3,0
312559525,31.0554999,-17.8488687,4,1
312559561,31.0550061,-17.8493795,3,0
312559585,31.0527752,-17.8475196,3,0
312559605,31.0531971,-17.8469138,3,0
312559712,31.053207,-17.8478844,3,0
312559730,31.0590009,-17.8462422,3,0
312559799,31.0605744,-17.8455656,4,1
312559812,31.0598382,-17.8458018,3,0
312559850,31.0603221,-17.8448581,3,0
312559858,31.060891,-17.8464235,4,1
312735719,31.0609178,-17.8377888,3,0
312736589,31.063003,-17.8386538,4,1
312736683,31.0647308,-17.8391891,3,0
312736852,31.0680027,-17.8397378,3,0
312736856,31.0647319,-17.8442557,3,0
312736860,31.0653374,-17.8457841,3,0
312736864,31.0632352,-17.8456839,3,0
312736880,31.0645422,-17.8456166,3,0
312737178,31.0697538,-17.8471791,3,0
312737272,31.0695916,-17.8466684,3,0
312737937,31.0636858,-17.8470652,3,0
312737939,31.0629032,-17.8472561,3,0
312738412,31.0708293,-17.8458502,4,1
312738427,31.0693387,-17.8358276,3,0
312738496,31.0676959,-17.8370929,3,0
312738526,31.0675994,-17.83767,3,0
312738909,31.0711626,-17.8445418,3,0
312739039,31.0665728,-17.8368507,4,1
312750424,31.0581826,-17.8450389,3,0
312752379,31.0585329,-17.8455492,3,0
312794892,31.0631643,-17.8482439,1,0
312794915,31.063961,-17.8481111,1,0
312794919,31.062665,-17.8440384,3,0
312794924,31.0624718,-17.8434716,3,0
312794925,31.0629305,-17.8448184,4,1
312794926,31.0651088,-17.8425601,3,0
312794932,31.065643,-17.8439538,3,0
312794936,31.0663135,-17.8455945,3,0
312794938,31.0656533,-17.8366294,3,0
312794942,31.0647614,-17.8364252,3,0
312794943,31.0637878,-17.8362056,3,0
312794952,31.0625196,-17.8375455,3,0
312794955,31.0632533,-17.8378072,3,0
312795135,31.0629361,-17.8400559,3,0
312795275,31.0661602,-17.8384167,3,0
312795281,31.0656959,-17.840334,3,0
312795287,31.0647812,-17.8401107,3,0
312795410,31.0620684,-17.840227,3,0
312795871,31.0645363,-17.8409798,1,0
312795902,31.0656433,-17.8405489,3,0
312796105,31.0675466,-17.8415681,3,0
312796120,31.0677643,-17.8421903,3,0
312796135,31.0678629,-17.8424277,3,0
312796151,31.0685558,-17.8428742,3,0
312796156,31.0691288,-17.8432371,3,0
312796184,31.0716246,-17.8448468,3,0
312796214,31.0698753,-17.8456707,3,0
312796261,31.0692021,-17.8455533,3,0
312796374,31.0672004,-17.8452285,3,0
312796534,31.0662206,-17.8459505,3,0
312796606,31.0665418,-17.8436234,4,1
312796626,31.0662028,-17.8427695,3,0
312796672,31.0654919,-17.84116,3,0
312796686,31.0669747,-17.8424789,3,0
312796713,31.0661281,-17.840368,3,0
312796749,31.0696377,-17.8424138,3,0
312796765,31.0708053,-17.8431694,3,0
312796768,31.0721664,-17.8440566,3,0
312796783,31.0690171,-17.8464749,3,0
312796903,31.0702587,-17.8439493,4,1
312796939,31.0680676,-17.8430511,3,0
312796954,31.0659693,-17.8421593,3,0
312797128,31.0649852,-17.842952,3,0
312797210,31.0648593,-17.8434798,3,0
312797405,31.0621916,-17.8426687,3,0
312797726,31.0670133,-17.8460857,3,0
312797763,31.0704359,-17.8429297,3,0
312797836,31.0707019,-17.8425471,3,0
312816332,31.0684782,-17.8336666,4,1
312816407,31.068257,-17.8329312,1,0
312816421,31.0686808,-17.8329338,1,0
312816429,31.0684528,-17.8329351,3,0
312816430,31.069291,-17.8334202,3,0
312816432,31.0699615,-17.8335517,3,0
312816433,31.0674215,-17.8340062,3,0
312816501,31.0719701,-17.8450793,3,0
312816502,31.0629224,-17.8424351,3,0
312831454,31.075494,-17.8422512,3,0
312831469,31.0748871,-17.8404943,3,0
312831474,31.0734764,-17.838677,3,0
312831491,31.071823,-17.837926,3,0
312831508,31.069811,-17.8375545,3,0
312831691,31.0739821,-17.8430113,3,0
312831708,31.0732691,-17.841992,3,0
312831724,31.0729663,-17.8411167,3,0
312831734,31.0727842,-17.8406085,3,0
312831754,31.0710459,-17.8402863,3,0
312831758,31.070952,-17.8402697,3,0
312831762,31.0693466,-17.8399735,3,0
312831763,31.0696758,-17.838356,3,0
312831771,31.0716677,-17.838714,3,0
312831827,31.0722245,-17.8396585,3,0
312831834,31.0695057,-17.8391706,3,0
312831840,31.0712131,-17.8395054,3,0
312831859,31.0730331,-17.839844,3,0
312831866,31.0697731,-17.8415856,3,0
312831900,31.0706998,-17.8413324,3,0
312832209,31.0723237,-17.8425184,3,0
312832258,31.0725515,-17.8431244,3,0
312832621,31.074139,-17.8432427,3,0
312833119,31.0741087,-17.8407712,3,0
312833221,31.072972,-17.8400364,3,0
312833257,31.0746293,-17.8397361,3,0
312833318,31.0688128,-17.8409467,1,0
312833344,31.0722795,-17.8434777,3,0
312833384,31.0746899,-17.8425823,4,1
312833431,31.075277,-17.8369294,3,0
312833842,31.0708581,-17.8342567,3,0
312833897,31.0736174,-17.8347539,4,1
312833938,31.0778399,-17.8352863,4,1
312833956,31.080077,-17.8356171,3,0
312834542,31.080258,-17.8346243,4,1
312834565,31.0780106,-17.8342695,3,0
312834589,31.075826,-17.8340406,3,0
312834666,31.0738253,-17.8336918,4,1
312834870,31.0702218,-17.833087,3,0
312834916,31.070374,-17.8360645,3,0
312835002,31.0706274,-17.8351925,3,0
312835073,31.0734672,-17.8356745,4,1
312835117,31.0754781,-17.8360102,3,0
312835189,31.0777956,-17.8364289,3,0
312835426,31.073305,-17.8365821,3,0
312835501,31.0739272,-17.8332424,1,0
315627146,31.040015,-17.8295598,3,0
315749115,31.0404079,-17.8414557,3,0
315749118,31.0405749,-17.8412124,3,0
317034918,31.0772055,-17.8046837,4,1
317035054,31.0767305,-17.8060538,3,0
317035058,31.0757129,-17.8059376,1,0
317039836,31.0772452,-17.8115223,4,1
317039844,31.0733877,-17.8101318,4,1
317039847,31.0738618,-17.8103726,3,0
317050141,31.0777715,-17.8090576,3,0
317050155,31.076785,-17.8136956,3,0
317050158,31.0766035,-17.814534,3,0
317050175,31.0786835,-17.8120217,4,1
317050541,31.0796076,-17.8079319,3,0
317050557,31.0792527,-17.8094163,4,1
317050695,31.0780343,-17.8150161,3,0
317125810,31.0789362,-17.8217316,4,1
317125814,31.0741376,-17.8172936,3,0
317125815,31.0757052,-17.8185823,3,0
317125836,31.0791819,-17.8205836,4,1
317125844,31.0800373,-17.8175453,4,1
317125846,31.079426,-17.8194371,3,0
317125863,31.0748042,-17.8206282,3,0
317125905,31.0771012,-17.8184936,4,1
317125923,31.0777996,-17.8168642,3,0
317125935,31.0789053,-17.8171707,3,0
317125936,31.0770687,-17.8167078,3,0
317125944,31.0758974,-17.8166452,3,0
317125962,31.0727836,-17.8202654,3,0
317125968,31.0737712,-17.820446,3,0
317125982,31.073419,-17.8181537,3,0
317125992,31.0781814,-17.8192321,3,0
317126303,31.0800521,-17.8156784,4,1
317126311,31.0782719,-17.8150953,3,0
317139534,31.0638236,-17.8127254,3,0
317139539,31.0645078,-17.8147414,3,0
317139571,31.0609324,-17.8128985,3,0
317139575,31.0607669,-17.8123737,3,0
317139577,31.0614964,-17.8144967,3,0
317139671,31.0691731,-17.8088683,1,0
317146090,31.0624283,-17.8064763,3,0
320001328,31.0664988,-17.8479063,3,0
320001387,31.0683189,-17.8497827,3,0
320001430,31.0689894,-17.8495746,3,0
320001438,31.0754408,-17.8456051,3,0
320001441,31.0773302,-17.8467821,4,1
320001442,31.0779493,-17.8472596,3,0
320001643,31.0804291,-17.8486314,4,1
320001651,31.0776956,-17.8466222,4,1
320001696,31.0756511,-17.8453032,3,0
320006362,31.0782353,-17.8453989,3,0
320006437,31.077024,-17.844792,3,0
320006462,31.0775502,-17.8451754,3,0
320006475,31.0790052,-17.8456515,3,0
320006497,31.0797428,-17.8459055,3,0
320006595,31.0767299,-17.8452034,1,0
320006596,31.0773687,-17.8455837,1,0
320006611,31.0787533,-17.8464555,1,0
321503594,31.0767093,-17.8555738,3,0
1093597747,31.0404721,-17.8412798,3,0
1206075490,31.0406423,-17.8412061,3,0
1229316394,31.0432881,-17.836344,4,1
1229316879,31.0433607,-17.834062,4,1
1229317288,31.0468796,-17.8362924,3,0
1229317295,31.0467231,-17.8363751,3,0
1368781936,31.0385147,-17.8307596,3,0
1368782063,31.0386934,-17.8308623,3,0
1368782088,31.0387324,-17.8306897,3,0
1368793568,31.039966,-17.8305531,4,1
1368793591,31.039863,-17.8312626,3,0
1368793598,31.0402229,-17.8309508,3,0
1368793608,31.0402332,-17.8310678,3,0
1498566698,31.0533367,-17.8309264,3,0
1498591801,31.0550986,-17.8303967,3,0
1704360873,31.0728171,-17.8461417,3,0
1704360877,31.0750629,-17.8461538,3,0
1704360921,31.0764832,-17.8475427,3,0
1704360933,31.0774023,-17.8478761,3,0
1704360958,31.0780928,-17.848376,3,0
1704360980,31.0787532,-17.8488851,3,0
1704360985,31.0774551,-17.8491729,1,0
1704360987,31.0794308,-17.8493917,3,0
1704361013,31.0781241,-17.8497061,1,0
1704361044,31.0762955,-17.8498379,3,0
1704361045,31.0801131,-17.8498843,3,0
1704361057,31.0788068,-17.8501639,1,0
1704361062,31.0774932,-17.8503279,3,0
1704361087,31.0794825,-17.850673,1,0
1704361108,31.0781765,-17.85082,3,0
1704361113,31.0769735,-17.8509924,1,0
1704361149,31.0776629,-17.851517,3,0
1704361153,31.0751308,-17.8518208,3,0
1704361157,31.079649,-17.8518885,3,0
1704361159,31.0783696,-17.8520264,1,0
1704361175,31.0771366,-17.8521961,3,0
1704361205,31.0745502,-17.8525344,3,0
1704361209,31.0790978,-17.852574,3,0
1704361216,31.0777795,-17.8526927,1,0
1704361223,31.0765712,-17.852902,3,0
1704361233,31.0752569,-17.853054,3,0
1704361245,31.0798287,-17.8531063,3,0
1704361267,31.075961,-17.8535799,3,0
1704361274,31.0779954,-17.8539616,4,1
1704361290,31.0766986,-17.8541275,3,0
1704361303,31.0754326,-17.8542539,3,0
1704361309,31.0747392,-17.8543496,4,1
1704361312,31.0738219,-17.8544364,3,0
1704361324,31.0774255,-17.8546713,3,0
1704361329,31.0761501,-17.8547773,3,0
1704361368,31.0801466,-17.8555419,4,1
1704361370,31.0756096,-17.8554653,3,0
1704361387,31.0774013,-17.8561201,3,0
1704361389,31.0750517,-17.8561559,3,0
2243568461,31.0754181,-17.8308624,3,0
2243568462,31.0753785,-17.8311687,3,0
2269911111,31.0335805,-17.8169642,4,1
2269911112,31.0765006,-17.8192285,3,0
2269911113,31.0559621,-17.821146,4,1
2269911115,31.0562579,-17.8222583,4,1
2269911121,31.0565788,-17.8234774,4,1
2269911124,31.0568743,-17.8247229,4,1
2269911125,31.050078,-17.8249673,4,1
2269911126,31.0552523,-17.8250915,4,1
2269911127,31.0552776,-17.8251978,4,1
2269911134,31.0310974,-17.8272638,3,0
2269911137,31.0313805,-17.8283363,3,0
2269911138,31.0304849,-17.8285337,3,0
2269911142,31.0461789,-17.8298144,3,0
2269911150,31.0461197,-17.8314153,3,0
2269911151,31.0474839,-17.8322285,1,0
2269911157,31.0460963,-17.8325603,1,0
2269911159,31.0416567,-17.8332945,4,1
2269911160,31.0425244,-17.8333044,4,1
2269911161,31.0433999,-17.8333407,4,1
2269911162,31.0442757,-17.8333592,4,1
2269911163,31.0451601,-17.833366,3,0
2269911164,31.0460429,-17.8334174,4,1
2269911183,31.0398894,-17.844273,3,0
2269911187,31.0401467,-17.8447411,3,0
2269911189,31.0394995,-17.8450503,3,0
2269949156,31.0667154,-17.8222373,3,0
2269949158,31.0660006,-17.8226956,1,0
2269949160,31.0638325,-17.8232708,3,0
2269949166,31.0620683,-17.8241533,3,0
2271009679,31.0803553,-17.8331214,3,0
2272008926,31.0696164,-17.8299519,3,0
2272008936,31.0708038,-17.8301151,3,0
2272008938,31.0695754,-17.8301448,3,0
2272008951,31.0709959,-17.8304104,3,0
2272008973,31.0703817,-17.830706,3,0
2272008977,31.0702091,-17.8307317,3,0
2411363411,31.0300903,-17.8309456,3,0
2411363413,31.0259761,-17.831126,1,0
2631138048,31.0477934,-17.815996,4,1
2631138049,31.0495117,-17.8227011,3,0
2801687298,31.0636401,-17.8151373,3,0
2801687299,31.0634183,-17.8146537,3,0
2801687602,31.0628383,-17.8129742,3,0
2817102222,31.0536866,-17.8467287,3,0
2826502183,31.0412583,-17.8548673,1,0
2826502185,31.0394305,-17.8542424,1,0
2924796295,31.0427281,-17.8554978,3,0
2924796298,31.043794,-17.8555555,1,0
2926264014,31.0246581,-17.8033357,3,0
2926277001,31.0467682,-17.8048418,3,0
2928652251,31.0616804,-17.8461859,3,0
2928652252,31.0624034,-17.8484345,1,0
2928666824,31.0687331,-17.8507438,3,0
2928666828,31.0668585,-17.8494591,3,0
2928672039,31.0652662,-17.8467059,3,0
2928672040,31.0668367,-17.8469217,3,0
2928672041,31.0655147,-17.8477145,1,0
2928672042,31.0662372,-17.8468016,3,0
2928672045,31.0663259,-17.8474808,1,0
2928672082,31.0665696,-17.8481743,3,0
2928672090,31.0667048,-17.8487645,3,0
2929365818,31.074232,-17.8450847,3,0
2929798605,31.0730942,-17.8164383,3,0
2929920509,31.0751476,-17.8133749,3,0
2930424604,31.0801697,-17.8207783,1,0
2930429067,31.0785261,-17.8181462,1,0
3011858770,31.0471142,-17.8034762,3,0
3016778106,31.0747603,-17.8338658,3,0
3016778107,31.074858,-17.8333688,1,0
3030538137,31.0320009,-17.8316658,3,0
3030538138,31.0326473,-17.8320156,3,0
3030538143,31.0407141,-17.8346136,4,1
3087024522,31.0644516,-17.8468784,3,0
3087024523,31.0647583,-17.8478729,1,0
3087032658,31.0685284,-17.8463859,3,0
3087045258,31.0643006,-17.8469178,3,0
3087045259,31.0620956,-17.8474265,3,0
3087080126,31.0627185,-17.8441597,3,0
3087080127,31.0636338,-17.8445992,3,0
3087080130,31.0651309,-17.8424686,3,0
3087080133,31.0624155,-17.8433325,3,0
3087084982,31.0624427,-17.8459466,3,0
3087087987,31.0635377,-17.8455847,3,0
3131174409,31.0752344,-17.8474867,3,0
3131174411,31.0726948,-17.8469145,3,0
3131174412,31.072602,-17.8470969,3,0
3131174414,31.0727195,-17.8474397,3,0
3131174419,31.0729824,-17.8495026,3,0
3131177543,31.0699448,-17.8480964,1,0
3131177544,31.071743,-17.8489054,3,0
3131177548,31.0696654,-17.8527595,1,0
3131177549,31.0701862,-17.8519108,3,0
3131177553,31.0692924,-17.8475032,4,1
3131177554,31.0694676,-17.8481721,1,0
3428541858,31.0615724,-17.8482374,3,0
3428541860,31.0614169,-17.8490053,3,0
3428541863,31.0615468,-17.8487567,3,0
3428541866,31.0620006,-17.8486629,3,0
3428541870,31.0622918,-17.8490656,3,0
3428541873,31.0621898,-17.8493246,3,0
3428541889,31.0617913,-17.8494705,3,0
3428541994,31.0622144,-17.8488193,3,0
3518285977,31.045931,-17.8358373,3,0
3518285985,31.0466549,-17.8361789,4,1
3519879080,31.0404472,-17.841351,3,0
3519885238,31.0407215,-17.8413402,3,0
3520084461,31.0757049,-17.8028654,3,0
3520084482,31.0405531,-17.849827,3,0
3520084487,31.0546992,-17.852283,3,0
3520084489,31.0531982,-17.8526998,3,0
3520084492,31.053674,-17.8529476,4,1
3520084714,31.0284774,-17.8371106,3,0
3520084715,31.0284041,-17.8372629,3,0
3520084722,31.028683,-17.837649,3,0
3520084724,31.0279396,-17.8381427,3,0
3520084727,31.0367564,-17.8453993,3,0
3522463765,31.0400315,-17.8424108,4,1
3522463766,31.0407919,-17.8427618,4,1
3522463768,31.0400115,-17.8444986,3,0
3522463771,31.0401187,-17.8439129,3,0
3531172123,31.0728389,-17.8204562,3,0
3531172127,31.0759633,-17.8213906,1,0
3531172137,31.0757411,-17.8223464,3,0
3531172142,31.038253,-17.8556418,3,0
3801390241,31.0519419,-17.8256545,1,0
3801390615,31.0518519,-17.8253042,3,0
3801390619,31.0517326,-17.8253359,3,0
3801922320,31.0618426,-17.8239297,3,0
3801922321,31.0619295,-17.8246573,1,0
3801922333,31.0611573,-17.8261684,3,0
3801922349,31.0606541,-17.8265163,3,0
3801922783,31.0610038,-17.8266063,4,1
3801922840,31.0438731,-17.8278884,3,0
3820237739,31.0604717,-17.8385155,4,1
3820237740,31.0621197,-17.8358396,1,0
3820237746,31.060017,-17.8385059,3,0
3820243158,31.0592305,-17.8397033,1,0
3820243167,31.0736596,-17.8102785,4,1
3820243171,31.073248,-17.8104301,3,0
3820243175,31.0735183,-17.809866,3,0
3846704841,31.0423708,-17.8395076,3,0
4016684532,31.0564207,-17.8079601,3,0
4016684534,31.0548896,-17.8098026,3,0
4016695745,31.0604994,-17.8112109,1,0
4016695748,31.0559354,-17.8140177,4,1
4016695749,31.05582,-17.8140464,4,1
4016695752,31.0560855,-17.8148599,3,0
4018290856,31.0611827,-17.8135512,3,0
4020337966,31.0399838,-17.8039298,1,0
4020337968,31.0383068,-17.8042193,1,0
4020346897,31.0378353,-17.8124322,3,0
4020346908,31.0365287,-17.8127481,3,0
4023865150,31.0343777,-17.855042,4,1
4023865154,31.0348641,-17.8554341,3,0
4023946054,31.0732907,-17.8100833,3,0
4076913384,31.0551854,-17.8437635,1,0
4076913388,31.0564595,-17.8449826,3,0
4076915918,31.0601051,-17.8383634,1,0
4076915935,31.0521698,-17.8476898,3,0
4076915936,31.0533611,-17.8480105,3,0
4076915938,31.0529217,-17.8483502,1,0
4076915939,31.0550473,-17.8484856,1,0
4076915941,31.0526966,-17.8491595,3,0
4076915942,31.0561349,-17.8494033,1,0
4076915943,31.0529617,-17.8498893,4,1
4076915950,31.0533361,-17.850851,1,0
4081211489,31.0288789,-17.829267,4,1
4081211494,31.0289907,-17.8297809,3,0
4081211495,31.0288855,-17.8297788,3,0
4088671132,31.0427844,-17.8451971,3,0
4088671436,31.0249101,-17.8503103,3,0
4088673088,31.048347,-17.8396449,2,0
4097745293,31.0272321,-17.8289613,3,0
4097745302,31.0265362,-17.8305108,3,0
4108398591,31.0397237,-17.8365166,3,0
4125630646,31.0241681,-17.8198353,3,0
4169503607,31.0341857,-17.8324276,3,0
4169503609,31.0363245,-17.8329478,3,0
4169503610,31.0304513,-17.8332631,3,0
4169503614,31.033847,-17.8336927,3,0
4169503615,31.0362295,-17.8338629,3,0
4169503616,31.0324659,-17.8339408,3,0
4169503619,31.0336894,-17.834269,3,0
4169503630,31.0323815,-17.8362627,3,0
4169503631,31.0330724,-17.8363024,3,0
4169503636,31.0614484,-17.8492197,3,0
4402761881,31.0449398,-17.827631,4,1
4402762147,31.0451638,-17.8288215,3,0
4402762180,31.045178,-17.8297884,3,0
5168881674,31.02667,-17.8289209,3,0
5168881719,31.0402756,-17.8286093,3,0
5168883122,31.0399262,-17.8284199,3,0
5168883124,31.0364568,-17.8427966,3,0
5168883126,31.0362297,-17.8426597,3,0
5168883127,31.0363286,-17.8422299,3,0
5168883130,31.0360111,-17.8427027,3,0
5168883132,31.039035,-17.8339089,3,0
5168883135,31.0389394,-17.8334504,3,0
5168883136,31.0395494,-17.8309669,3,0
5168883139,31.0398312,-17.8313747,3,0
5168883142,31.039617,-17.8308517,3,0
5168883144,31.0395043,-17.8289675,3,0
5169601563,31.0763875,-17.8516344,1,0
5169601564,31.075678,-17.8511366,3,0
5169601606,31.0743562,-17.8449851,3,0
5169601607,31.0748359,-17.8449668,4,1
5169601610,31.0748232,-17.8446183,3,0
5169601611,31.0748717,-17.8445757,3,0
5169601614,31.0742519,-17.8446166,4,1
5236561423,31.0610948,-17.8266368,3,0
5236561425,31.0611261,-17.8265377,3,0
5236561430,31.0583725,-17.8268744,2,0
5331712353,31.0388401,-17.8514045,3,0
5331712356,31.0387507,-17.8512221,3,0
5729201161,31.03218,-17.8306534,3,0
5729201163,31.032751,-17.8302888,3,0
6034369926,31.0242075,-17.8500971,3,0
6034369946,31.0282018,-17.8376581,4,1
6034369949,31.0276101,-17.8374989,3,0
6034369956,31.0315139,-17.8314629,4,1
6146785721,31.0531672,-17.830851,4,1
6146789248,31.0486659,-17.8534777,3,0
6146789251,31.0483183,-17.8531043,3,0
6146789252,31.0482699,-17.8535722,4,1
6146789253,31.0482818,-17.8534745,4,1
6148875657,31.0529012,-17.821895,3,0
6150790491,31.0269644,-17.8287971,3,0
6151973979,31.0634943,-17.8422666,3,0
6151973984,31.0636229,-17.8408717,1,0
6158178259,31.0790979,-17.8478692,3,0
6162546992,31.0526721,-17.8147892,4,1
6162546993,31.0525492,-17.8148178,4,1
6162547004,31.0511229,-17.8151262,3,0
6162569922,31.059106,-17.8198292,3,0
6162569923,31.0588217,-17.8187108,3,0
6162694275,31.0395619,-17.8321386,3,0
6163107958,31.0262583,-17.8026944,3,0
6163166504,31.0699634,-17.8331405,3,0
6163166505,31.0698583,-17.8335309,4,1
6163166509,31.069808,-17.8340008,3,0
6163166529,31.0618325,-17.8393461,3,0
6163189119,31.0681994,-17.8397948,3,0
6163189120,31.0683891,-17.8395501,3,0
6165001574,31.040898,-17.8037909,3,0
6165037112,31.0570923,-17.849338,3,0
6165116903,31.041335,-17.841081,3,0
6165200942,31.0539025,-17.8484553,3,0
6165200945,31.0538314,-17.8484009,3,0
6165200947,31.0603006,-17.8447879,3,0
6165200950,31.0524327,-17.8463572,3,0
6165256357,31.0410158,-17.8410146,3,0
6165307935,31.0732365,-17.8502386,1,0
6167253237,31.0399624,-17.8423749,3,0
6167265889,31.0620511,-17.8065747,3,0
6167345539,31.076149,-17.808514,3,0
6167345552,31.0763409,-17.8087231,3,0
6167345555,31.0760903,-17.8029246,3,0
6167345556,31.0758517,-17.8030266,3,0
6167345557,31.0757276,-17.8027413,3,0
6167345560,31.0759443,-17.8030302,3,0
6167345562,31.0761115,-17.8028358,3,0
6167345565,31.0759146,-17.8026427,3,0
6167349089,31.075203,-17.8095229,3,0
6167349090,31.0751328,-17.8094314,3,0
6167349091,31.077546,-17.8075571,3,0
6167349092,31.077617,-17.8076473,3,0
6167389641,31.0778341,-17.8359752,3,0
6167420365,31.0730109,-17.839806,3,0
6167420369,31.073396,-17.8386388,3,0
6167503426,31.0699689,-17.8340748,3,0
6167542751,31.0758584,-17.8478482,3,0
6167574918,31.0774496,-17.8466584,3,0
6167581006,31.0263467,-17.853831,3,0
6167581007,31.0261147,-17.8534518,3,0
6167581008,31.0266566,-17.854116,3,0
6167581009,31.0262498,-17.8539461,3,0
6167581011,31.0262514,-17.8538847,3,0
6167581017,31.0263665,-17.8539994,3,0
6167581018,31.0263373,-17.8540043,3,0
6167581022,31.0261524,-17.8542028,3,0
6167661530,31.0741563,-17.8469572,3,0
6167704239,31.0633609,-17.8486655,3,0
6167704260,31.0692377,-17.8472886,3,0
6167704268,31.0600931,-17.8441653,3,0
6177485380,31.0614841,-17.8480131,3,0
6177665164,31.0464942,-17.8109071,3,0
6177720199,31.0383498,-17.8515279,3,0
6177720222,31.031431,-17.8550274,3,0
6177975445,31.0363937,-17.8405512,3,0
6178005579,31.0469407,-17.8125736,3,0
6178005582,31.0493418,-17.8156104,3,0
6178061163,31.0362442,-17.8402346,3,0
6178061167,31.0381164,-17.8459306,3,0
6179981449,31.0387105,-17.8444455,3,0
6179981451,31.0365178,-17.8400316,3,0
6182601518,31.0787652,-17.8067776,4,1
6189668595,31.0368517,-17.8458115,4,1
6189668598,31.0369597,-17.8458204,4,1
6190263319,31.036169,-17.8459314,3,0
6277807078,31.028863,-17.8290898,3,0
6285581421,31.0365344,-17.8403492,3,0
6290533084,31.0720061,-17.8465436,3,0
6290674984,31.0465524,-17.8341334,3,0
6290707707,31.0473606,-17.8375243,2,0
6292466658,31.0535345,-17.824268,4,1
6292466659,31.0536718,-17.8241639,3,0
6292466667,31.0440502,-17.8228237,3,0
6292466668,31.0438311,-17.8231016,3,0
6292466827,31.0314879,-17.83129,3,0
6375081020,31.061121,-17.8300656,3,0
6375081021,31.061114,-17.8299502,4,1
6375081022,31.0614261,-17.8299984,3,0
6375081023,31.0612899,-17.8300608,3,0
6382228879,31.080269,-17.8487474,3,0
6382326885,31.0369013,-17.8458529,3,0
6382326890,31.037886,-17.8453447,3,0
6382349021,31.0340691,-17.8513585,3,0
6382349022,31.0319116,-17.85463,3,0
6382468775,31.0386888,-17.8512733,3,0
7401648971,31.0664491,-17.8354548,3,0
7401678774,31.0730255,-17.8463695,3,0
7403952911,31.0775623,-17.8376316,1,0
7403952913,31.0776442,-17.838282,3,0
7403954625,31.0694968,-17.8304695,1,0
7403954632,31.0685097,-17.8300032,3,0
7404728343,31.0403883,-17.8038858,1,0
7404728344,31.0410229,-17.8041289,1,0
7404781676,31.039481,-17.8105913,3,0
7404790885,31.0398016,-17.8105225,3,0
9058677578,31.0623836,-17.814975,1,0
9058677581,31.0637959,-17.8126515,3,0
9058677586,31.0627256,-17.8130113,3,0
9058677590,31.0620256,-17.813287,3,0
9058677601,31.0619853,-17.8131977,3,0
9058677605,31.0615844,-17.8133994,3,0
9556829462,31.0605222,-17.8493899,3,0
9556829483,31.0621519,-17.850224,3,0
9557547664,31.0606729,-17.849295,3,0
9557547665,31.0606957,-17.8493768,3,0
9621100048,31.0749989,-17.8444715,3,0
9856889346,31.0802159,-17.8489101,3,0
9856889347,31.0792742,-17.8477972,3,0
9856889348,31.0791711,-17.8479241,3,0
9856889349,31.078991,-17.8479995,3,0
9915457683,31.0622592,-17.8501224,3,0
10149214636,31.0778345,-17.8368281,3,0
10199107339,31.0442197,-17.8421074,1,0
10279500489,31.0606531,-17.8194755,1,0
10279500497,31.0603479,-17.8183457,1,0
10595551312,31.0432011,-17.8280564,3,0
10660592559,31.0437988,-17.8277649,3,0
10687747350,31.0528739,-17.8469572,1,0
10687747352,31.0545524,-17.8468252,3,0
10687747358,31.0538102,-17.8472031,3,0
10713336269,31.0435272,-17.8292183,3,0
10993682387,31.0608521,-17.815427,1,0
10993682388,31.0612906,-17.8153226,3,0
10993682389,31.0612008,-17.8168519,1,0
10993682393,31.060445,-17.8170228,3,0
11096423324,31.0774443,-17.8101965,1,0
11096423331,31.0775273,-17.8102012,3,0
11096588496,31.0365435,-17.8023296,3,0
11118124885,31.0406624,-17.8362349,3,0
11118386824,31.069002,-17.8317973,1,0
11118386828,31.0689993,-17.8302911,3,0
11301863629,31.0625996,-17.8371748,3,0
11301863630,31.0622281,-17.8369716,1,0
11301863633,31.0621154,-17.8391635,1,0
11308999649,31.0514744,-17.8303886,5,1
11372729013,31.0492688,-17.8299331,1,0
11372729014,31.0500037,-17.8297595,1,0
11372902255,31.0503604,-17.8315333,1,0
11372902256,31.0498169,-17.8316746,1,0
11622423590,31.0500401,-17.8220113,1,0
11622423593,31.0508507,-17.8218188,3,0
11622423594,31.0501783,-17.8231361,1,0
11622423595,31.0511227,-17.822913,3,0
12062946368,31.0627113,-17.8332398,1,0
12518074231,31.0438161,-17.8491209,1,0
12518074232,31.0429853,-17.8489913,3,0
12520134517,31.0256807,-17.8290309,3,0
12520134518,31.0252543,-17.8289947,3,0
12888747173,31.0412106,-17.8023147,3,0
12926012091,31.0753106,-17.849135,1,0
13009933863,31.0683392,-17.8398024,4,1
13015945801,31.0698669,-17.8150368,1,0
13102753664,31.045652,-17.8137237,1,0
13102753665,31.0453351,-17.8138049,3,0
13238919217,31.0577394,-17.8496928,1,0
